pseudonymous_id,service_number,rank,resilience_trait,observation_date,observation_day_idx,current_day_stress,current_7d_mean_stress,future_mean_stress,future_peak_stress,future_days_above_threshold,future_trajectory_delta,future_event_summary,raw_risk,risk_tier,welfare_concern_30d,probability_score,calibrated_score
d4846a36-3de9-4824-8a14-be247d8df136,SN-100001,WO2,0.4632314716710537,2026-01-21,20,3.640965972102488,3.552957669353158,3.453518952634238,3.910958218824094,0,-0.0994387167189199,None,3.072722889596059,low,False,0.1104,40
d4846a36-3de9-4824-8a14-be247d8df136,SN-100001,WO2,0.4632314716710537,2026-02-14,44,3.04795422734647,3.43807153431679,3.0404512243065085,3.474107056811683,0,-0.3976203100102813,None,2.7144802904120846,low,False,0.0676,32
d4846a36-3de9-4824-8a14-be247d8df136,SN-100001,WO2,0.4632314716710537,2026-03-10,68,3.1674199096485753,3.0047168506613295,2.5241066486861174,3.145667544659041,0,-0.4806102019752121,None,2.3319589201750768,low,False,0.0393,24
d4846a36-3de9-4824-8a14-be247d8df136,SN-100001,WO2,0.4632314716710537,2026-04-03,92,2.372423896631772,2.223477267703312,2.6069648351261616,3.648397707619856,0,0.38348756742284973,None,2.528349971605346,low,False,0.052,28
d4846a36-3de9-4824-8a14-be247d8df136,SN-100001,WO2,0.4632314716710537,2026-04-27,116,3.1622762114210192,3.198595690017973,2.870604497756577,3.869928228477441,0,-0.32799119226139606,None,2.73981094230935,low,False,0.07,33
d4846a36-3de9-4824-8a14-be247d8df136,SN-100001,WO2,0.4632314716710537,2026-05-21,140,2.4046032628705567,2.8087651358744963,2.9108641819039582,3.4065835474378146,0,0.10209904602946196,None,2.6229503642785215,low,False,0.0595,30
7a9e2bf1-6fcd-4ec4-826d-c33dac84487f,SN-100002,Maj,0.6487582655061557,2026-01-21,20,3.712920803544704,3.3847893213813407,2.988378237849052,3.8743479440681776,0,-0.3964110835322887,deployment(d44-d82),2.805912414037432,low,False,0.0768,34
7a9e2bf1-6fcd-4ec4-826d-c33dac84487f,SN-100002,Maj,0.6487582655061557,2026-02-14,44,3.563823068800893,2.9533427260643252,3.8952855065953997,4.5119599920180145,0,0.9419427805310745,deployment(d44-d82),3.4959950262328743,moderate,False,0.1897,50
7a9e2bf1-6fcd-4ec4-826d-c33dac84487f,SN-100002,Maj,0.6487582655061557,2026-03-10,68,4.257684412051712,4.14053181504134,3.4610735734255766,4.211373449136989,0,-0.6794582416157637,deployment(d44-d82),3.167002500125164,low,False,0.1251,42
7a9e2bf1-6fcd-4ec4-826d-c33dac84487f,SN-100002,Maj,0.6487582655061557,2026-04-03,92,3.2996410122606745,3.106616998524036,3.814516393005029,4.833410307965877,0,0.707899394480993,transfer(d114-d128),3.548007108542529,moderate,False,0.202,51
7a9e2bf1-6fcd-4ec4-826d-c33dac84487f,SN-100002,Maj,0.6487582655061557,2026-04-27,116,4.671424275396717,3.9456046625693455,4.053806332991636,4.833410307965877,0,0.10820167042229034,transfer(d114-d128),3.679616575535163,moderate,False,0.2357,55
7a9e2bf1-6fcd-4ec4-826d-c33dac84487f,SN-100002,Maj,0.6487582655061557,2026-05-21,140,3.373264040081973,3.760814483390557,3.856402993666816,4.512629622908532,0,0.09558851027625925,None,3.4748105333893085,low,False,0.1849,49
8f8e0c2c-b585-4181-a7e1-1bcb99d98caf,SN-100003,WO1,0.6325896898602839,2026-01-21,20,2.9824447858329917,3.200675137010535,3.694442081768769,4.771004048104698,0,0.49376694475823424,deployment(d18-d75),3.463244359404232,low,False,0.1823,48
8f8e0c2c-b585-4181-a7e1-1bcb99d98caf,SN-100003,WO1,0.6325896898602839,2026-02-14,44,3.9149377698234216,3.7248906591350446,3.8141373472725104,4.771004048104698,0,0.08924668813746583,deployment(d18-d75),3.52907675543129,moderate,False,0.1975,51
8f8e0c2c-b585-4181-a7e1-1bcb99d98caf,SN-100003,WO1,0.6325896898602839,2026-03-10,68,3.39806687277241,3.4115042947897796,3.613610174026435,4.283300165907519,0,0.20210587923665546,deployment(d18-d75),3.272475645486795,low,False,0.1435,44
8f8e0c2c-b585-4181-a7e1-1bcb99d98caf,SN-100003,WO1,0.6325896898602839,2026-04-03,92,3.3400291111944433,3.7154859216260547,3.003642168850304,3.853938238725387,0,-0.7118437527757506,None,2.8081846644852835,low,False,0.077,34
8f8e0c2c-b585-4181-a7e1-1bcb99d98caf,SN-100003,WO1,0.6325896898602839,2026-04-27,116,3.3926845238629886,3.2407314687263904,3.170057708168857,4.107268015128834,0,-0.0706737605575336,None,2.9757121440315215,low,False,0.0969,38
8f8e0c2c-b585-4181-a7e1-1bcb99d98caf,SN-100003,WO1,0.6325896898602839,2026-05-21,140,2.522608259419523,2.5526272714851035,3.008329297145778,3.7274880353137583,0,0.4557020256606745,None,2.772827524024305,low,False,0.0733,33
e341549e-9199-449d-9d5a-9fc8f17d2ed0,SN-100004,Maj,0.7801973755082711,2026-01-21,20,2.0958759998415752,2.3388970105341187,2.499735239093668,2.8954208930041094,0,0.1608382285595491,None,2.24348064940275,low,False,0.0345,22
e341549e-9199-449d-9d5a-9fc8f17d2ed0,SN-100004,Maj,0.7801973755082711,2026-02-14,44,2.496686522547369,2.391864017293699,2.5265022909013286,2.99039965081362,0,0.1346382736076297,None,2.2866961552398166,low,False,0.0368,23
e341549e-9199-449d-9d5a-9fc8f17d2ed0,SN-100004,Maj,0.7801973755082711,2026-03-10,68,2.340808675051261,2.5823582779877015,2.5200603279233373,3.0975637198865513,0,-0.062297950064364116,None,2.315302296323801,low,False,0.0383,23
e341549e-9199-449d-9d5a-9fc8f17d2ed0,SN-100004,Maj,0.7801973755082711,2026-04-03,92,3.0529525244641595,2.9154144294247915,2.333614143835581,2.916711411089258,0,-0.5818002855892104,None,2.158501202436347,low,False,0.0305,20
e341549e-9199-449d-9d5a-9fc8f17d2ed0,SN-100004,Maj,0.7801973755082711,2026-04-27,116,2.6007005005254933,2.3530856357216337,1.7128816262856372,2.4509972672985745,0,-0.6402040094359964,leave(d124-d133),1.6773840746466728,low,False,0.0151,9
e341549e-9199-449d-9d5a-9fc8f17d2ed0,SN-100004,Maj,0.7801973755082711,2026-05-21,140,1.8839384227619698,1.508207389511107,2.549661112294102,3.258469563361237,0,1.041453722782995,None,2.3798544807701276,low,False,0.0421,25
9475cc16-dae3-4118-aa32-6192af1fe48f,SN-100005,Pte,0.4964049681575175,2026-01-21,20,3.1530365829640283,3.2818256540330495,2.6729944599444124,3.205750596013726,0,-0.6088311940886371,None,2.4318721317735448,low,False,0.0453,26
9475cc16-dae3-4118-aa32-6192af1fe48f,SN-100005,Pte,0.4964049681575175,2026-02-14,44,2.502378908432386,2.3992892010420777,3.558731266602778,4.54149057711326,0,1.1594420655607003,None,3.319749369765506,low,False,0.1524,45
9475cc16-dae3-4118-aa32-6192af1fe48f,SN-100005,Pte,0.4964049681575175,2026-03-10,68,3.9738896145196922,4.050028669204459,4.285357372430762,5.157867037118819,0,0.23532870322630295,deployment(d76-d140),3.904306665972565,moderate,False,0.3017,60
9475cc16-dae3-4118-aa32-6192af1fe48f,SN-100005,Pte,0.4964049681575175,2026-04-03,92,4.891513789577446,4.680911953239993,4.320281498952903,5.157867037118819,0,-0.3606304542870902,deployment(d76-d140),3.9235149355597425,moderate,False,0.3078,61
9475cc16-dae3-4118-aa32-6192af1fe48f,SN-100005,Pte,0.4964049681575175,2026-04-27,116,4.3658482453913505,4.151880856370207,4.6099471398556355,5.35382693644116,0,0.45806628348542855,deployment(d76-d140),4.141619007852948,moderate,False,0.3815,66
9475cc16-dae3-4118-aa32-6192af1fe48f,SN-100005,Pte,0.4964049681575175,2026-05-21,140,4.680190430166278,4.594852395490976,3.862066669032018,4.854144767288022,0,-0.7327857264589586,None,3.580380098154017,moderate,False,0.21,52
2f23d34a-de08-4b35-9797-eb38aa1fcf9b,SN-100006,Lt,0.6792784429482306,2026-01-21,20,3.3364588541374194,3.5532186904142384,2.9097259507007753,3.3828566772546207,0,-0.6434927397134631,None,2.6152062760618127,low,False,0.0588,30
2f23d34a-de08-4b35-9797-eb38aa1fcf9b,SN-100006,Lt,0.6792784429482306,2026-02-14,44,2.6354714771889465,2.821816035513175,2.8913027559897673,3.277057712260594,0,0.0694867204765921,None,2.5733338294725505,low,False,0.0554,29
2f23d34a-de08-4b35-9797-eb38aa1fcf9b,SN-100006,Lt,0.6792784429482306,2026-03-10,68,2.856223786410962,2.9424059671496865,3.083823680590032,3.4741133503575137,0,0.1414177134403456,None,2.738337029431772,low,False,0.0699,32
2f23d34a-de08-4b35-9797-eb38aa1fcf9b,SN-100006,Lt,0.6792784429482306,2026-04-03,92,2.6309834195111295,3.060352785926509,2.6942592955660576,3.4741133503575137,0,-0.3660934903604516,leave(d107-d121),2.5240766176685856,low,False,0.0517,28
2f23d34a-de08-4b35-9797-eb38aa1fcf9b,SN-100006,Lt,0.6792784429482306,2026-04-27,116,2.2676182883923297,2.0517747355912825,2.7584035887515794,3.0821271682736424,0,0.7066288531602969,leave(d107-d121),2.4417601242954614,low,False,0.046,26
2f23d34a-de08-4b35-9797-eb38aa1fcf9b,SN-100006,Lt,0.6792784429482306,2026-05-21,140,2.887973540471499,2.896196171714922,2.799191353440337,3.297513806768827,0,-0.09700481827458507,None,2.5288093864228336,low,False,0.052,28
3c3f5a40-ed80-401f-88a6-21b1894e6570,SN-100007,WO2,0.7199603547077318,2026-01-21,20,3.389033038634808,2.8359330043455673,2.2967318476637657,3.7338454835363026,0,-0.5392011566818016,None,2.383356161275962,low,False,0.0423,25
3c3f5a40-ed80-401f-88a6-21b1894e6570,SN-100007,WO2,0.7199603547077318,2026-02-14,44,0.8776454511124276,1.6566912858512655,2.0855348738869557,2.7034895916576254,0,0.4288435880356902,leave(d63-d73),1.9580910581351132,low,False,0.0228,15
3c3f5a40-ed80-401f-88a6-21b1894e6570,SN-100007,WO2,0.7199603547077318,2026-03-10,68,2.1401400238224193,2.113296834075559,2.192556303651436,3.3490746193574585,0,0.07925946957587726,leave(d63-d73),2.2106283528155277,low,False,0.0329,21
3c3f5a40-ed80-401f-88a6-21b1894e6570,SN-100007,WO2,0.7199603547077318,2026-04-03,92,2.324217139457093,2.567458481086308,2.6692340508484196,3.3490746193574585,0,0.10177556976211166,None,2.4728011137738686,low,False,0.048,27
3c3f5a40-ed80-401f-88a6-21b1894e6570,SN-100007,WO2,0.7199603547077318,2026-04-27,116,2.878545115690826,2.5227784302877687,1.9754485890497704,2.728606663891625,0,-0.5473298412379983,None,1.9050787231448612,low,False,0.0211,14
3c3f5a40-ed80-401f-88a6-21b1894e6570,SN-100007,WO2,0.7199603547077318,2026-05-21,140,2.047354225500786,1.5745761825063957,2.525074014805338,3.5692570639927768,0,0.9504978322989421,None,2.459567827340769,low,False,0.0471,26
a23255d3-bbef-473f-accb-7fd8064792bc,SN-100008,LCpl,0.7771535830896471,2026-01-21,20,2.1238046006099305,2.1999695607415255,2.6021353258955195,3.3574404670943925,0,0.40216576515399405,None,2.4384065693708536,low,False,0.0457,26
a23255d3-bbef-473f-accb-7fd8064792bc,SN-100008,LCpl,0.7771535830896471,2026-02-14,44,2.8167765344425026,2.6725045494747923,2.349230060566687,3.3574404670943925,0,-0.3232744889081052,leave(d63-d75),2.2993086734399957,low,False,0.0374,23
a23255d3-bbef-473f-accb-7fd8064792bc,SN-100008,LCpl,0.7771535830896471,2026-03-10,68,0.8390943224934102,1.8326976615124904,2.011259759019099,3.0739833359469255,0,0.17856209750660867,"deployment(d98-d137), leave(d63-d75)",2.0283878682445824,low,False,0.0253,17
a23255d3-bbef-473f-accb-7fd8064792bc,SN-100008,LCpl,0.7771535830896471,2026-04-03,92,2.860941717309051,2.789980789510651,3.2134452722303566,3.9301470662295976,0,0.4234644827197056,deployment(d98-d137),2.9464390195955756,low,False,0.0931,37
a23255d3-bbef-473f-accb-7fd8064792bc,SN-100008,LCpl,0.7771535830896471,2026-04-27,116,3.7268511775677986,3.7734198298611497,3.0135129148700677,3.8531000804431446,0,-0.759906914991082,deployment(d98-d137),2.8133621273114806,low,False,0.0776,34
a23255d3-bbef-473f-accb-7fd8064792bc,SN-100008,LCpl,0.7771535830896471,2026-05-21,140,2.9960461620162326,2.924231250640085,2.2852441327509347,3.1178367988364726,0,-0.6389871178891502,None,2.192235312663956,low,False,0.0321,21
e2949106-2d9e-4478-80cb-c638b763ba9f,SN-100009,Capt,0.6847111247983705,2026-01-21,20,2.3620221954079472,2.127074684211492,2.335207347775994,2.9760701178149143,0,0.208132663564502,None,2.177185076621271,low,False,0.0314,20
e2949106-2d9e-4478-80cb-c638b763ba9f,SN-100009,Capt,0.6847111247983705,2026-02-14,44,2.865945738064974,2.6389315213946922,3.011083845923845,3.4290441898392077,0,0.3721523245291527,None,2.684809372209877,low,False,0.0649,31
e2949106-2d9e-4478-80cb-c638b763ba9f,SN-100009,Capt,0.6847111247983705,2026-03-10,68,3.404172606744632,3.2467167637767873,2.623430478755058,3.1497852682337393,0,-0.6232862850217291,None,2.387822343785404,low,False,0.0425,25
e2949106-2d9e-4478-80cb-c638b763ba9f,SN-100009,Capt,0.6847111247983705,2026-04-03,92,2.688225045599586,2.5653958448870235,2.6464741890755588,3.244928259866842,0,0.08107834418853521,None,2.42903928195161,low,False,0.0451,26
e2949106-2d9e-4478-80cb-c638b763ba9f,SN-100009,Capt,0.6847111247983705,2026-04-27,116,2.6957249547396316,2.612043925097093,2.2734548470431384,2.6736703722234862,0,-0.33858907805395466,None,2.052501277540772,low,False,0.0262,17
e2949106-2d9e-4478-80cb-c638b763ba9f,SN-100009,Capt,0.6847111247983705,2026-05-21,140,2.118602298023602,2.2059839732482422,2.373042536728123,2.780453891746216,0,0.1670585634798809,None,2.139309562724333,low,False,0.0297,19
50a6017e-2347-4c47-bd91-4e8ad21b4e6c,SN-100010,LCpl,0.8492506418104222,2026-01-21,20,2.4424611854115517,2.1100611075655715,1.9696383166409257,2.4595418941499703,0,-0.14042279092464582,None,1.8211636423975004,low,False,0.0186,12
50a6017e-2347-4c47-bd91-4e8ad21b4e6c,SN-100010,LCpl,0.8492506418104222,2026-02-14,44,1.6288150615652337,1.7642422705665513,1.2512279573665486,1.891594663677686,0,-0.5130143132000027,leave(d54-d68),1.2556537756549075,low,False,0.0081,0
50a6017e-2347-4c47-bd91-4e8ad21b4e6c,SN-100010,LCpl,0.8492506418104222,2026-03-10,68,0.9837747609478744,0.8319446619377303,1.7072987561504105,2.2639560542306483,0,0.8753540942126802,None,1.6182011321519203,low,False,0.0138,8
50a6017e-2347-4c47-bd91-4e8ad21b4e6c,SN-100010,LCpl,0.8492506418104222,2026-04-03,92,1.410876922588493,1.7585134206210744,1.9399329935377965,2.4535911578001492,0,0.18141957291672206,None,1.8030404937858329,low,False,0.0181,12
50a6017e-2347-4c47-bd91-4e8ad21b4e6c,SN-100010,LCpl,0.8492506418104222,2026-04-27,116,2.4535911578001492,2.347418839657562,1.7947072716837411,2.4209345586802105,0,-0.5527115679738208,None,1.7133693670301207,low,False,0.0159,10
50a6017e-2347-4c47-bd91-4e8ad21b4e6c,SN-100010,LCpl,0.8492506418104222,2026-05-21,140,1.3777882626122313,1.6640050786526974,1.567396191681343,2.0501445210611973,0,-0.09660888697135439,None,1.477111261743098,low,False,0.0112,5
78d96abf-3bb8-4d77-83d1-38bdf5e6147b,SN-100011,WO2,0.3196465519944995,2026-01-21,20,3.6297047057962035,3.422521331949837,3.735562012531314,4.341985524082578,0,0.31304068058147694,None,3.3571547641169963,low,False,0.1598,46
78d96abf-3bb8-4d77-83d1-38bdf5e6147b,SN-100011,WO2,0.3196465519944995,2026-02-14,44,3.767072960466594,3.437052616299463,4.242133782892214,4.755568093660935,0,0.8050811665927511,None,3.7598440086889986,moderate,False,0.2581,57
78d96abf-3bb8-4d77-83d1-38bdf5e6147b,SN-100011,WO2,0.3196465519944995,2026-03-10,68,4.483915886206487,4.552590806447568,3.956369419237505,4.6516940680228185,0,-0.5962213872100626,None,3.5715114009874736,moderate,False,0.2078,52
78d96abf-3bb8-4d77-83d1-38bdf5e6147b,SN-100011,WO2,0.3196465519944995,2026-04-03,92,4.19818257846945,3.9164074689173947,4.095134216882086,4.790062662223584,0,0.17872674796469168,"transfer(d117-d131), leave(d116-d125)",3.689342617952223,moderate,False,0.2384,55
78d96abf-3bb8-4d77-83d1-38bdf5e6147b,SN-100011,WO2,0.3196465519944995,2026-04-27,116,3.7813644009915093,3.818444046194458,3.7853807623350493,4.613889256356837,0,-0.03306328385940871,"transfer(d117-d131), leave(d116-d125)",3.4661261961913286,low,False,0.183,48
78d96abf-3bb8-4d77-83d1-38bdf5e6147b,SN-100011,WO2,0.3196465519944995,2026-05-21,140,3.9231127261379988,3.7884290030873764,4.309970196366388,4.796612675029246,0,0.5215411932790115,None,3.8094674105102877,moderate,False,0.2726,58
2ce2ae34-5f9e-4f78-b63b-04351d07fa1f,SN-100012,Pte,0.38012874044500466,2026-01-21,20,3.898999948536368,3.8831888157080128,3.911874551686062,5.121584770681766,0,0.02868573597804902,leave(d47-d55),3.688006434631864,moderate,False,0.238,55
2ce2ae34-5f9e-4f78-b63b-04351d07fa1f,SN-100012,Pte,0.38012874044500466,2026-02-14,44,3.40934716808391,3.8294613292161466,3.3393980168130497,4.5429089547724955,0,-0.49006331240309686,leave(d47-d55),3.199541595678926,low,False,0.1305,43
2ce2ae34-5f9e-4f78-b63b-04351d07fa1f,SN-100012,Pte,0.38012874044500466,2026-03-10,68,3.5655375005359278,3.2752050394614116,3.818204923376398,4.5429089547724955,0,0.5429998839149865,None,3.462885394288768,low,False,0.1822,48
2ce2ae34-5f9e-4f78-b63b-04351d07fa1f,SN-100012,Pte,0.38012874044500466,2026-04-03,92,3.859837518834172,4.027865020691734,3.37982324869867,3.7785212388386458,0,-0.6480417719930638,None,2.9924591584358624,low,False,0.0991,38
2ce2ae34-5f9e-4f78-b63b-04351d07fa1f,SN-100012,Pte,0.38012874044500466,2026-04-27,116,3.6206733879381905,3.278638418707408,3.4836624309516777,4.785876977728463,0,0.20502401224426992,None,3.3517774303419614,low,False,0.1587,46
2ce2ae34-5f9e-4f78-b63b-04351d07fa1f,SN-100012,Pte,0.38012874044500466,2026-05-21,140,3.545949942031243,3.1394304727047455,4.516207869922022,5.664926169176153,1,1.3767773972172765,None,4.233392179209958,moderate,False,0.4145,68
0eda7ea3-1db2-4443-936a-b7995ca09c21,SN-100013,Maj,0.9295993243676985,2026-01-21,20,1.3165439583787795,1.5197872716759047,2.001902154241032,2.368923911286172,0,0.48211488256512713,transfer(d35-d49),1.8117233582184191,low,False,0.0184,12
0eda7ea3-1db2-4443-936a-b7995ca09c21,SN-100013,Maj,0.9295993243676985,2026-02-14,44,2.33010254023971,2.107645222882021,1.6296006694375296,2.184683711502929,0,-0.4780445534444915,transfer(d35-d49),1.55168548164152,low,False,0.0125,6
0eda7ea3-1db2-4443-936a-b7995ca09c21,SN-100013,Maj,0.9295993243676985,2026-03-10,68,1.2541556490884742,1.5667822505795943,1.3732204968141992,2.016678261990166,0,-0.19356175376539508,None,1.3602747518448595,low,False,0.0094,2
0eda7ea3-1db2-4443-936a-b7995ca09c21,SN-100013,Maj,0.9295993243676985,2026-04-03,92,2.016678261990166,1.6424470266571762,1.9187759852097033,2.595434120805189,0,0.27632895855252704,deployment(d104-d152),1.8339570281068935,low,False,0.019,13
0eda7ea3-1db2-4443-936a-b7995ca09c21,SN-100013,Maj,0.9295993243676985,2026-04-27,116,2.148065318490285,2.3618623583097103,1.5516276492048944,2.2119347812198,0,-0.8102347091048159,deployment(d104-d152),1.516975641428632,low,False,0.0119,6
0eda7ea3-1db2-4443-936a-b7995ca09c21,SN-100013,Maj,0.9295993243676985,2026-05-21,140,1.3830224028927651,1.5319326385652752,1.8744824373596802,2.3144648390874534,0,0.34254979879440506,deployment(d104-d152),1.7253047922740603,low,False,0.0162,10
9136c2d2-1724-4230-beae-f82746724e2e,SN-100014,Lt,0.8856320951745805,2026-01-21,20,2.1620869855568854,2.53860358901901,2.844681369592361,3.245020056884565,0,0.306077780573351,None,2.538080770341168,low,False,0.0527,28
9136c2d2-1724-4230-beae-f82746724e2e,SN-100014,Lt,0.8856320951745805,2026-02-14,44,2.759169281681933,3.063501842312312,3.1233479807493962,3.6974531711537173,0,0.059846138437084306,transfer(d66-d80),2.827077340758283,low,False,0.0791,34
9136c2d2-1724-4230-beae-f82746724e2e,SN-100014,Lt,0.8856320951745805,2026-03-10,68,3.3447651847468545,2.9541630400265575,4.249968218221233,5.040041920608536,0,1.2958051781946756,"deployment(d78-d135), transfer(d66-d80)",3.849495096204239,moderate,False,0.2847,59
9136c2d2-1724-4230-beae-f82746724e2e,SN-100014,Lt,0.8856320951745805,2026-04-03,92,4.748632385057538,4.823169307125909,4.249358998142159,5.040041920608536,0,-0.5738103089837496,deployment(d78-d135),3.8491600251607485,moderate,False,0.2846,59
9136c2d2-1724-4230-beae-f82746724e2e,SN-100014,Lt,0.8856320951745805,2026-04-27,116,4.284964571967886,4.034346926211567,3.302484455650762,4.0486900733354085,0,-0.731862470560805,deployment(d78-d135),3.030973472608542,low,False,0.1044,39
9136c2d2-1724-4230-beae-f82746724e2e,SN-100014,Lt,0.8856320951745805,2026-05-21,140,3.1070949613082997,3.1071938371537464,2.698209873903134,3.211351791332686,0,-0.40898396325061226,None,2.4474209680465298,low,False,0.0463,26
1b7cc4bc-f3fd-442e-b1a5-adb91bdf47c9,SN-100015,SSgt,0.34053716558151703,2026-01-21,20,4.5130172979667895,4.197453969701198,4.236093255314145,4.923172223700665,0,0.03863928561294738,None,3.8068029575329794,moderate,False,0.2718,58
1b7cc4bc-f3fd-442e-b1a5-adb91bdf47c9,SN-100015,SSgt,0.34053716558151703,2026-02-14,44,4.459094778150818,3.9694430485890004,6.050431514651213,6.841794527080983,21,2.0809884660622124,deployment(d51-d127),6.4302756911824615,high,True,0.9503,88
1b7cc4bc-f3fd-442e-b1a5-adb91bdf47c9,SN-100015,SSgt,0.34053716558151703,2026-03-10,68,6.636492972062602,6.618891069401006,5.763824735949779,6.810532729803339,15,-0.8550663334512274,deployment(d51-d127),5.96326342371338,high,True,0.9046,85
1b7cc4bc-f3fd-442e-b1a5-adb91bdf47c9,SN-100015,SSgt,0.34053716558151703,2026-04-03,92,5.17798360910624,5.078700518531096,5.660126534374816,6.215151039663818,18,0.5814260158437206,deployment(d51-d127),5.877614905805295,high,True,0.8929,85
1b7cc4bc-f3fd-442e-b1a5-adb91bdf47c9,SN-100015,SSgt,0.34053716558151703,2026-04-27,116,6.1293409859575645,5.970128185396336,5.2664074117874735,6.215151039663818,12,-0.7037207736088629,deployment(d51-d127),5.361069388382256,high,True,0.7935,81
1b7cc4bc-f3fd-442e-b1a5-adb91bdf47c9,SN-100015,SSgt,0.34053716558151703,2026-05-21,140,4.605682006142016,4.761770324781078,3.81632699502437,4.925267319493411,0,-0.9454433297567078,None,3.576560043111427,moderate,False,0.209,52
28094da2-2eca-49b6-977d-96e11c147ace,SN-100016,Capt,0.8159608794719234,2026-01-21,20,2.453601411704725,2.079162597361255,2.7041784031241645,3.13272892747094,0,0.6250158057629096,transfer(d29-d43),2.427116799959572,low,False,0.045,26
28094da2-2eca-49b6-977d-96e11c147ace,SN-100016,Capt,0.8159608794719234,2026-02-14,44,2.81100229149854,2.7778118632550255,2.906305553150466,3.4865582370496657,0,0.12849368989544052,None,2.644435525347656,low,False,0.0613,30
28094da2-2eca-49b6-977d-96e11c147ace,SN-100016,Capt,0.8159608794719234,2026-03-10,68,3.0634942204543267,2.7833111339055185,2.9209256458758004,3.4865582370496657,0,0.13761451197028185,deployment(d90-d153),2.65247657634659,low,False,0.062,31
28094da2-2eca-49b6-977d-96e11c147ace,SN-100016,Capt,0.8159608794719234,2026-04-03,92,3.0831620106479556,2.7763745823376063,2.7266007605651064,3.143153391395947,0,-0.04977382177249989,deployment(d90-d153),2.4425764357295927,low,False,0.046,26
28094da2-2eca-49b6-977d-96e11c147ace,SN-100016,Capt,0.8159608794719234,2026-04-27,116,2.5986560392041556,2.6851758351175756,2.634845920785355,3.1480804030809764,0,-0.05032991433222067,deployment(d90-d153),2.3935893773562382,low,False,0.0429,25
28094da2-2eca-49b6-977d-96e11c147ace,SN-100016,Capt,0.8159608794719234,2026-05-21,140,2.916845748551013,2.3571097761513804,2.4547629825443886,3.1355964573192803,0,0.09765320639300823,deployment(d90-d153),2.290798577595198,low,False,0.037,23
41d117cf-eda0-4242-996b-e132797bffb4,SN-100017,Pte,0.6344330847121371,2026-01-21,20,3.374600646068861,3.193415433004722,3.6842386945774863,4.218558873536072,0,0.4908232615727641,None,3.291898944078439,low,False,0.1471,45
41d117cf-eda0-4242-996b-e132797bffb4,SN-100017,Pte,0.6344330847121371,2026-02-14,44,3.3571504510353143,3.4706424770766136,2.8113863182082137,3.549826018082373,0,-0.6592561588683998,leave(d64-d72),2.61121028043923,low,False,0.0585,30
41d117cf-eda0-4242-996b-e132797bffb4,SN-100017,Pte,0.6344330847121371,2026-03-10,68,2.154428354230399,2.7387212359286437,2.3626247536389795,3.3399735389225134,0,-0.3760964822896642,leave(d64-d72),2.3014356761781927,low,False,0.0376,23
41d117cf-eda0-4242-996b-e132797bffb4,SN-100017,Pte,0.6344330847121371,2026-04-03,92,3.117009964306464,2.9632950533603224,3.4493315459973477,4.311670156389408,0,0.4860364926370253,deployment(d113-d166),3.1906333972153638,low,False,0.129,42
41d117cf-eda0-4242-996b-e132797bffb4,SN-100017,Pte,0.6344330847121371,2026-04-27,116,3.5862026733194616,3.1855704244518175,3.9589308213091368,4.311670156389408,0,0.7733603968573193,deployment(d113-d166),3.4709129986368477,low,False,0.184,49
41d117cf-eda0-4242-996b-e132797bffb4,SN-100017,Pte,0.6344330847121371,2026-05-21,140,4.063416826410604,3.925858432862398,3.3456677046417416,3.9230966253659805,0,-0.5801907282206566,deployment(d113-d166),3.017046225162752,low,False,0.1025,39
ab0bda89-5326-4413-a6dd-a1e7fa43e1ec,SN-100018,SSgt,0.4942258637497627,2026-01-21,20,4.233477675853775,4.427803783071455,3.608758329504831,4.191002221640105,0,-0.8190454535666238,None,3.2421177477196883,low,False,0.1379,44
ab0bda89-5326-4413-a6dd-a1e7fa43e1ec,SN-100018,SSgt,0.4942258637497627,2026-02-14,44,3.230688512663842,3.8488302337365368,3.093182449989329,3.8561740546724246,0,-0.7556477837472078,None,2.8581025638958586,low,False,0.0825,35
ab0bda89-5326-4413-a6dd-a1e7fa43e1ec,SN-100018,SSgt,0.4942258637497627,2026-03-10,68,2.981407229531404,2.9101153322129916,3.279478512762078,4.136089557115169,0,0.36936318054908623,transfer(d98-d112),3.044540049153694,low,False,0.1063,39
ab0bda89-5326-4413-a6dd-a1e7fa43e1ec,SN-100018,SSgt,0.4942258637497627,2026-04-03,92,3.4858923589411517,3.0225819587277094,4.875694227195993,6.459233298789356,11,1.8531122684682835,transfer(d98-d112),5.169401814594603,high,True,0.7424,80
ab0bda89-5326-4413-a6dd-a1e7fa43e1ec,SN-100018,SSgt,0.4942258637497627,2026-04-27,116,6.057206121677996,5.785037451278877,5.442720435597232,6.459233298789356,11,-0.34231701568164574,None,5.481266229215284,high,True,0.8215,82
ab0bda89-5326-4413-a6dd-a1e7fa43e1ec,SN-100018,SSgt,0.4942258637497627,2026-05-21,140,4.727133394269413,5.064054619798228,4.48451479099157,5.532594831370485,1,-0.5795398288066584,None,4.176261584456509,moderate,False,0.3938,67
2f4d4883-2485-4594-adb0-52f0633441bc,SN-100019,WO1,0.3472175790067716,2026-01-21,20,3.5318380263026277,4.0033333601308305,4.005072765580784,4.6419012983577295,0,0.001739405449953324,None,3.59536041057675,moderate,False,0.2137,53
2f4d4883-2485-4594-adb0-52f0633441bc,SN-100019,WO1,0.3472175790067716,2026-02-14,44,4.6419012983577295,4.232291156941289,4.2789312541651805,4.970799307483124,0,0.046640097223891175,None,3.8446519820357867,moderate,False,0.2832,59
2f4d4883-2485-4594-adb0-52f0633441bc,SN-100019,WO1,0.3472175790067716,2026-03-10,68,4.951521146120483,4.658882972413081,4.6679540661059615,5.534460613896199,1,0.009071093692880616,None,4.277712920527138,moderate,False,0.4307,69
2f4d4883-2485-4594-adb0-52f0633441bc,SN-100019,WO1,0.3472175790067716,2026-04-03,92,5.472337544137656,4.782108039839982,4.702264056946513,5.534460613896199,1,-0.07984398289346917,None,4.296583415489441,moderate,False,0.4376,70
2f4d4883-2485-4594-adb0-52f0633441bc,SN-100019,WO1,0.3472175790067716,2026-04-27,116,4.233573957836603,4.275396594198601,4.291110440663539,5.135926765127527,0,0.01571384646493801,None,3.9008887719032046,moderate,False,0.3006,60
2f4d4883-2485-4594-adb0-52f0633441bc,SN-100019,WO1,0.3472175790067716,2026-05-21,140,3.93744655060523,4.1483750350191055,4.318561953153829,5.315996635099205,0,0.1701869181347231,None,3.970008064764367,moderate,False,0.3229,62
d5f5ebf9-2521-4c50-b3ea-07d17f3d6381,SN-100020,Capt,0.42123081725097244,2026-01-21,20,3.9318927228238065,3.7109171390196005,4.349669231465199,5.275818489134935,0,0.638752092445598,None,3.97506362404634,moderate,False,0.3245,62
d5f5ebf9-2521-4c50-b3ea-07d17f3d6381,SN-100020,Capt,0.42123081725097244,2026-02-14,44,3.224077625380653,4.127893630035635,3.8477295278063113,4.6698973975246965,0,-0.2801641022293233,leave(d73-d84),3.51722045955088,moderate,False,0.1947,51
d5f5ebf9-2521-4c50-b3ea-07d17f3d6381,SN-100020,Capt,0.42123081725097244,2026-03-10,68,4.265974001618414,3.665188247045752,3.7344978291796145,5.226132412043651,0,0.06930958213386251,"transfer(d88-d102), leave(d73-d84)",3.6218135296618836,moderate,False,0.2205,53
d5f5ebf9-2521-4c50-b3ea-07d17f3d6381,SN-100020,Capt,0.42123081725097244,2026-04-03,92,4.352246392371174,3.605814550405183,4.572616123583054,5.226132412043651,0,0.9668015731778712,transfer(d88-d102),4.082778591583775,moderate,False,0.3609,65
d5f5ebf9-2521-4c50-b3ea-07d17f3d6381,SN-100020,Capt,0.42123081725097244,2026-04-27,116,4.553364852347332,4.344216059339865,4.586762294357626,5.163172926733976,0,0.24254623501776074,None,4.071671139916887,moderate,False,0.3571,64
d5f5ebf9-2521-4c50-b3ea-07d17f3d6381,SN-100020,Capt,0.42123081725097244,2026-05-21,140,4.525967279829962,4.620664212363203,3.8027652871799513,4.756636183938873,0,-0.8178989251832518,None,3.5185117631306353,moderate,False,0.195,51
ef289f0c-2f8c-4739-a31f-35c60ea8545b,SN-100021,WO1,0.3927995788582778,2026-01-21,20,3.5172375562959903,3.420183719429924,3.1222970663608143,4.0733254047893945,0,-0.29788665306910955,leave(d26-d35),2.939261007935266,low,False,0.0922,37
ef289f0c-2f8c-4739-a31f-35c60ea8545b,SN-100021,WO1,0.3927995788582778,2026-02-14,44,3.703840237054782,3.1235594121708288,3.926236601531301,4.444883126880877,0,0.8026771893604723,None,3.4928950689064786,low,False,0.189,49
ef289f0c-2f8c-4739-a31f-35c60ea8545b,SN-100021,WO1,0.3927995788582778,2026-03-10,68,4.125087720529957,3.6965496397499926,3.594311952330725,4.227476146824,0,-0.10223768741926742,None,3.245114417829099,low,False,0.1385,44
ef289f0c-2f8c-4739-a31f-35c60ea8545b,SN-100021,WO1,0.3927995788582778,2026-04-03,92,3.375572781276475,3.803321706461503,4.628619316019363,6.1745204411124455,11,0.8252976095578601,transfer(d103-d117),4.948096756144383,high,True,0.674,78
ef289f0c-2f8c-4739-a31f-35c60ea8545b,SN-100021,WO1,0.3927995788582778,2026-04-27,116,5.756984238394756,5.630615365377296,5.0884073730663,6.272846878997924,12,-0.5422079923109964,transfer(d103-d117),5.280478118885842,high,True,0.773,81
ef289f0c-2f8c-4739-a31f-35c60ea8545b,SN-100021,WO1,0.3927995788582778,2026-05-21,140,4.378701126978542,4.317507109409811,4.221061777478659,4.75113295599027,0,-0.09644533193115201,None,3.746923864410344,moderate,False,0.2544,56
cd46338a-0869-458b-8876-f18a0d18aee3,SN-100022,WO2,0.7919525205164711,2026-01-21,20,2.6922896649925168,2.5106945147916115,2.4876027226649358,2.813427923099215,0,-0.02309179212667578,None,2.2122098743954792,low,False,0.033,21
cd46338a-0869-458b-8876-f18a0d18aee3,SN-100022,WO2,0.7919525205164711,2026-02-14,44,2.302826303194507,2.4639714272308337,2.5369066004898984,2.995070158912931,0,0.07293517325906462,None,2.2938196779433233,low,False,0.0372,23
cd46338a-0869-458b-8876-f18a0d18aee3,SN-100022,WO2,0.7919525205164711,2026-03-10,68,2.506540748053036,2.641277891033082,2.2270213125308924,2.796964233521485,0,-0.41425657850218967,None,2.0639509919484365,low,False,0.0266,18
cd46338a-0869-458b-8876-f18a0d18aee3,SN-100022,WO2,0.7919525205164711,2026-04-03,92,2.2456305437262203,2.2397027258369673,2.3785904665855617,2.9698474454444317,0,0.13888774074859445,None,2.1991789902553887,low,False,0.0324,21
cd46338a-0869-458b-8876-f18a0d18aee3,SN-100022,WO2,0.7919525205164711,2026-04-27,116,1.6933655030385537,2.2342986668489973,2.9408769183941588,3.772917029464754,0,0.7065782515451615,None,2.7493574139562136,low,False,0.071,33
cd46338a-0869-458b-8876-f18a0d18aee3,SN-100022,WO2,0.7919525205164711,2026-05-21,140,3.1456984084137307,3.308706623169503,2.858773912089777,3.3927575773534717,0,-0.4499327110797262,None,2.5901529248554187,low,False,0.0568,29
2209b219-1263-422b-8748-4adfb0dfaf63,SN-100023,SSgt,0.40673603091874416,2026-01-21,20,3.6656020563460876,3.606259047123553,3.378409440713416,4.172431885039875,0,-0.22784960641013718,leave(d28-d37),3.1098547579043414,low,False,0.116,41
2209b219-1263-422b-8748-4adfb0dfaf63,SN-100023,SSgt,0.40673603091874416,2026-02-14,44,2.954374347468005,3.19014100506483,3.3041518995821426,3.9749408559621315,0,0.11401089451731261,None,3.0097658015588182,low,False,0.1015,38
2209b219-1263-422b-8748-4adfb0dfaf63,SN-100023,SSgt,0.40673603091874416,2026-03-10,68,2.9170995133340774,3.2073076253958397,3.181326037434378,4.098750482537434,0,-0.02598158796146155,deployment(d91-d170),2.9793544653501383,low,False,0.0974,38
2209b219-1263-422b-8748-4adfb0dfaf63,SN-100023,SSgt,0.40673603091874416,2026-04-03,92,3.1611623282261676,3.2337504776607,4.212870638814205,5.032571299214785,0,0.9791201611535048,deployment(d91-d170),3.8268502411122483,moderate,False,0.2778,58
2209b219-1263-422b-8748-4adfb0dfaf63,SN-100023,SSgt,0.40673603091874416,2026-04-27,116,4.44685849450677,4.617050995424326,4.410214549985335,5.226793505906563,0,-0.2068364454389906,deployment(d91-d170),3.9936560542639032,moderate,False,0.3307,62
2209b219-1263-422b-8748-4adfb0dfaf63,SN-100023,SSgt,0.40673603091874416,2026-05-21,140,5.1047958196355365,4.577824597345274,4.128607788969366,5.226793505906563,0,-0.44921680837590827,deployment(d91-d170),3.83877233570512,moderate,False,0.2814,59
a7826264-94b4-4610-9f21-636efbbb2c08,SN-100024,Cpl,0.43174356159484545,2026-01-21,20,3.6445490537732343,4.114896816834132,3.1820818821400345,3.8311598631810417,0,-0.9328149346940973,leave(d35-d46),2.8994929941313314,low,False,0.0874,36
a7826264-94b4-4610-9f21-636efbbb2c08,SN-100024,Cpl,0.43174356159484545,2026-02-14,44,2.730568234901818,3.185063062760667,3.456027802642713,4.181635306133799,0,0.27096473988204606,"transfer(d70-d84), leave(d35-d46)",3.155305883293632,low,False,0.1232,42
a7826264-94b4-4610-9f21-636efbbb2c08,SN-100024,Cpl,0.43174356159484545,2026-03-10,68,3.368392369160098,3.6854689428499117,4.9301488667307884,5.957149901979858,6,1.2446799238808768,transfer(d70-d84),4.7987268472958915,high,True,0.623,77
a7826264-94b4-4610-9f21-636efbbb2c08,SN-100024,Cpl,0.43174356159484545,2026-04-03,92,4.687886448250693,5.22574550356783,4.935475463075776,5.480695059266219,0,-0.29027004049205374,None,4.358720022471543,moderate,False,0.4607,71
a7826264-94b4-4610-9f21-636efbbb2c08,SN-100024,Cpl,0.43174356159484545,2026-04-27,116,5.083014895291871,4.894101550314845,4.851298275879099,5.6068384396194055,2,-0.042803274435746275,None,4.450265583619325,moderate,False,0.4949,74
a7826264-94b4-4610-9f21-636efbbb2c08,SN-100024,Cpl,0.43174356159484545,2026-05-21,140,4.751249418503151,4.6471772310884125,3.624282175202157,4.832745484261073,0,-1.0228950558862557,None,3.4431788416395084,low,False,0.1779,48
9bf6cb21-523b-4887-8668-2c51f0fad00e,SN-100025,Pte,0.5026752703367806,2026-01-21,20,2.4135926158939807,3.0664468335888295,3.1325807303052713,3.6871956073398433,0,0.06613389671644176,None,2.8290780838698524,low,False,0.0793,34
9bf6cb21-523b-4887-8668-2c51f0fad00e,SN-100025,Pte,0.5026752703367806,2026-02-14,44,3.2370734795772194,3.302546598517509,3.1005991312844534,3.6871956073398433,0,-0.20194746723305546,None,2.8114882044084024,low,False,0.0774,34
9bf6cb21-523b-4887-8668-2c51f0fad00e,SN-100025,Pte,0.5026752703367806,2026-03-10,68,2.855193761977587,2.947556269172433,3.134066696240782,4.221330581192387,0,0.1865104270683493,None,2.990135857290146,low,False,0.0988,38
9bf6cb21-523b-4887-8668-2c51f0fad00e,SN-100025,Pte,0.5026752703367806,2026-04-03,92,2.909531345882554,2.9823589209123895,3.402759173231024,4.221330581192387,0,0.4204002523186343,None,3.137916719634779,low,False,0.1204,41
9bf6cb21-523b-4887-8668-2c51f0fad00e,SN-100025,Pte,0.5026752703367806,2026-04-27,116,3.1668535791996635,3.084299950365498,2.9269040915025544,3.34520174977639,0,-0.1573958588629436,None,2.6133577752593222,low,False,0.0587,30
9bf6cb21-523b-4887-8668-2c51f0fad00e,SN-100025,Pte,0.5026752703367806,2026-05-21,140,3.2039960592096834,3.1321339781091426,2.6653288526935994,3.200786855705691,0,-0.4668051254155432,None,2.4261669256931873,low,False,0.0449,26
6cef12ba-a060-48f2-b053-dc90d9e3da92,SN-100026,Sgt,0.6034887597516796,2026-01-21,20,2.758956021478636,2.7498499412014814,3.0389566255275438,3.585011700622896,0,0.28910668432606235,None,2.746929654227018,low,False,0.0707,33
6cef12ba-a060-48f2-b053-dc90d9e3da92,SN-100026,Sgt,0.6034887597516796,2026-02-14,44,3.290564200623188,2.9652314874049623,3.9233606381116313,5.908152487550691,6,0.9581291507066689,deployment(d63-d139),4.230294097226604,moderate,False,0.4133,68
6cef12ba-a060-48f2-b053-dc90d9e3da92,SN-100026,Sgt,0.6034887597516796,2026-03-10,68,5.298895824276406,4.190188530407529,5.194002059638886,5.908152487550691,8,1.0038135292313575,deployment(d63-d139),5.0291468790665945,high,True,0.7002,79
6cef12ba-a060-48f2-b053-dc90d9e3da92,SN-100026,Sgt,0.6034887597516796,2026-04-03,92,4.983347198427679,5.1851886464226995,4.107559612122681,5.077249509469478,0,-1.0776290343000188,deployment(d63-d139),3.7823326395083186,moderate,False,0.2646,57
6cef12ba-a060-48f2-b053-dc90d9e3da92,SN-100026,Sgt,0.6034887597516796,2026-04-27,116,3.538228379731375,3.6485690084268216,3.8105025760633695,4.139886820027711,0,0.16193356763654787,deployment(d63-d139),3.337742462843167,low,False,0.1559,46
6cef12ba-a060-48f2-b053-dc90d9e3da92,SN-100026,Sgt,0.6034887597516796,2026-05-21,140,3.7885270921653373,3.963167290629894,2.8705621218879496,3.65115854166125,0,-1.0926051687419442,None,2.6741567295367474,low,False,0.0639,31
d1667993-b556-40fc-9d0b-3295a1da7c0d,SN-100027,Capt,0.4721179958673794,2026-01-21,20,3.444409259436812,3.0961365580681277,3.264256386036155,3.884204994807573,0,0.16811982796802738,None,2.9606025107621576,low,False,0.0949,37
d1667993-b556-40fc-9d0b-3295a1da7c0d,SN-100027,Capt,0.4721179958673794,2026-02-14,44,3.254700275112126,3.3150144683042986,3.460066941765159,3.9690673726686105,0,0.14505247346086048,None,3.093757029771421,low,False,0.1135,40
d1667993-b556-40fc-9d0b-3295a1da7c0d,SN-100027,Capt,0.4721179958673794,2026-03-10,68,3.115930990335675,3.4652986190586375,2.9572570624812906,3.760633036756026,0,-0.5080415565773468,None,2.754681295391518,low,False,0.0715,33
d1667993-b556-40fc-9d0b-3295a1da7c0d,SN-100027,Capt,0.4721179958673794,2026-04-03,92,2.63730082080403,2.4415225644885976,2.4445947562129686,3.432986599023927,0,0.0030721917243710095,leave(d106-d113),2.374423095624311,low,False,0.0417,24
d1667993-b556-40fc-9d0b-3295a1da7c0d,SN-100027,Capt,0.4721179958673794,2026-04-27,116,2.2429790638576144,1.6607632959233254,3.702907610125869,4.8202717552066945,0,2.0421443142025435,transfer(d124-d138),3.482680712131237,low,False,0.1867,49
d1667993-b556-40fc-9d0b-3295a1da7c0d,SN-100027,Capt,0.4721179958673794,2026-05-21,140,4.8202717552066945,4.3332553061407575,3.2038248925388824,4.726448968493994,0,-1.1294304136018751,None,3.1800383814445836,low,False,0.1272,42
9d12e914-3ad6-491c-af4e-b350735ec439,SN-100028,Pte,0.44280978451353115,2026-01-21,20,3.3783903637592436,3.432382284636197,3.694455653022973,4.571389735342245,0,0.2620733683867762,None,3.4033675297653083,low,False,0.1693,47
9d12e914-3ad6-491c-af4e-b350735ec439,SN-100028,Pte,0.44280978451353115,2026-02-14,44,4.304820454758443,3.942426932595068,4.301990932786111,4.911415019747221,0,0.3595640001910434,None,3.8395195189565277,moderate,False,0.2816,59
9d12e914-3ad6-491c-af4e-b350735ec439,SN-100028,Pte,0.44280978451353115,2026-03-10,68,4.142533041973583,4.321942373248712,5.242001868890822,6.47644762220582,14,0.9200594956421098,deployment(d77-d115),5.526035314551698,high,True,0.8311,82
9d12e914-3ad6-491c-af4e-b350735ec439,SN-100028,Pte,0.44280978451353115,2026-04-03,92,6.297924436791733,6.326277601366572,5.232512043390367,5.748097123587005,6,-1.0937655579762051,deployment(d77-d115),4.902310760940804,high,True,0.6588,78
9d12e914-3ad6-491c-af4e-b350735ec439,SN-100028,Pte,0.44280978451353115,2026-04-27,116,5.12220606666004,4.960820426185771,4.550384307260746,5.527304057650131,2,-0.4104361189250252,None,4.2609025862884495,moderate,False,0.4245,69
9d12e914-3ad6-491c-af4e-b350735ec439,SN-100028,Pte,0.44280978451353115,2026-05-21,140,4.29588546846537,4.373901110071939,4.115316612145777,5.340424445437096,0,-0.25858449792616245,transfer(d159-d173),3.8655514703113063,moderate,False,0.2896,59
9f2ba897-3e97-48f9-acf5-70492368870f,SN-100029,WO1,0.45664753910343375,2026-01-21,20,3.1726509788744064,3.4972678486429225,3.996531754412513,5.324435788525485,0,0.49926390576959045,"deployment(d30-d101), leave(d25-d33)",3.7954232014845277,moderate,False,0.2684,57
9f2ba897-3e97-48f9-acf5-70492368870f,SN-100029,WO1,0.45664753910343375,2026-02-14,44,4.89135965806243,4.77723204035484,3.864498560712968,4.723700527091716,0,-0.9127334796418722,deployment(d30-d101),3.5425843665196473,moderate,False,0.2007,51
9f2ba897-3e97-48f9-acf5-70492368870f,SN-100029,WO1,0.45664753910343375,2026-03-10,68,3.419127049776633,3.4673024442382094,3.7859381152545315,4.188595048018138,0,0.31863567101632206,deployment(d30-d101),3.3388444777954343,low,False,0.1561,46
9f2ba897-3e97-48f9-acf5-70492368870f,SN-100029,WO1,0.45664753910343375,2026-04-03,92,3.721907020940199,3.965283336551806,3.8788361899099657,4.4115509231734285,0,-0.08644714664184017,deployment(d30-d101),3.4568251814025097,low,False,0.1809,48
9f2ba897-3e97-48f9-acf5-70492368870f,SN-100029,WO1,0.45664753910343375,2026-04-27,116,3.835709731755557,3.8299059855384816,3.7903310077215617,4.386176244628341,0,-0.039574977816919876,None,3.4005349276353614,low,False,0.1687,47
9f2ba897-3e97-48f9-acf5-70492368870f,SN-100029,WO1,0.45664753910343375,2026-05-21,140,3.6956183934200637,3.7833223842715435,3.7982214210585092,4.27734871793438,0,0.014899036786965691,None,3.3722263969624944,low,False,0.1628,46
0988837c-0e47-4d47-afc2-5f9543635c43,SN-100030,Capt,0.3977578128734051,2026-01-21,20,3.367887631014814,3.236783669768726,3.5616316936649413,4.137713008109441,0,0.3248480238962155,None,3.20021133394855,low,False,0.1306,43
0988837c-0e47-4d47-afc2-5f9543635c43,SN-100030,Capt,0.3977578128734051,2026-02-14,44,3.477644436593592,3.5791026787765263,4.312758195515378,5.240570604542641,0,0.7336555167388514,None,3.9441881888962502,moderate,False,0.3145,61
0988837c-0e47-4d47-afc2-5f9543635c43,SN-100030,Capt,0.3977578128734051,2026-03-10,68,4.647809884263115,4.693928495395164,4.46834433277858,5.348659131051889,0,-0.22558416261658376,None,4.0621871223437855,moderate,False,0.3538,64
0988837c-0e47-4d47-afc2-5f9543635c43,SN-100030,Capt,0.3977578128734051,2026-04-03,92,4.769579442833959,4.893123672088743,4.218531733206272,4.942915853306075,0,-0.6745919388824708,None,3.803067209255272,moderate,False,0.2707,58
0988837c-0e47-4d47-afc2-5f9543635c43,SN-100030,Capt,0.3977578128734051,2026-04-27,116,3.9291169561006356,4.244035739900704,4.670009325013457,5.83475430462348,6,0.42597358511275374,None,4.618931420144445,high,True,0.5579,76
0988837c-0e47-4d47-afc2-5f9543635c43,SN-100030,Capt,0.3977578128734051,2026-05-21,140,5.732359158757055,4.9736832342141994,4.967944230634598,5.83475430462348,5,-0.005739003579601665,None,4.732795618236073,high,True,0.5995,77
c9bc1733-f6e7-45a3-b18c-4871858cb2db,SN-100031,Capt,0.5859965004921531,2026-01-21,20,3.804911338798181,3.4596694007398763,3.937724665435874,4.501096723202092,0,0.4780552646959979,None,3.5160775829503583,moderate,False,0.1944,51
c9bc1733-f6e7-45a3-b18c-4871858cb2db,SN-100031,Capt,0.5859965004921531,2026-02-14,44,4.310122318365795,4.111378354566993,4.20475751262534,5.1035302017203055,0,0.0933791580583474,leave(d66-d73),3.843675692460029,moderate,False,0.2829,59
c9bc1733-f6e7-45a3-b18c-4871858cb2db,SN-100031,Capt,0.5859965004921531,2026-03-10,68,4.377059612415183,4.7159093487095545,3.6856406063446925,4.3813013941055825,0,-1.030268742364862,leave(d66-d73),3.3414927517212556,low,False,0.1566,46
c9bc1733-f6e7-45a3-b18c-4871858cb2db,SN-100031,Capt,0.5859965004921531,2026-04-03,92,3.877109066291761,3.733409318174133,3.1963162549324546,4.3813013941055825,0,-0.5370930632416782,deployment(d118-d161),3.072364358444525,low,False,0.1104,40
c9bc1733-f6e7-45a3-b18c-4871858cb2db,SN-100031,Capt,0.5859965004921531,2026-04-27,116,2.281427942451265,2.6157642780896846,3.8450394302932027,4.506158069371299,0,1.2292751522035181,deployment(d118-d161),3.466619107472652,low,False,0.1831,48
c9bc1733-f6e7-45a3-b18c-4871858cb2db,SN-100031,Capt,0.5859965004921531,2026-05-21,140,4.476183923615956,4.250618987281346,3.629919658060947,4.506158069371299,0,-0.6206993292203986,deployment(d118-d161),3.348303232744911,low,False,0.158,46
ec2e2ea5-e926-43c5-933f-ceaf5a09e3fd,SN-100032,Lt,0.48308659133133053,2026-01-21,20,4.030336339374814,3.7111867730258012,3.618262984046886,4.144708681006759,0,-0.0929237889789154,None,3.233457245527815,low,False,0.1364,43
ec2e2ea5-e926-43c5-933f-ceaf5a09e3fd,SN-100032,Lt,0.48308659133133053,2026-02-14,44,3.9190343624477135,3.599930602345637,3.191548966336233,4.144708681006759,0,-0.40838163600940414,None,2.9987645357869557,low,False,0.1,38
ec2e2ea5-e926-43c5-933f-ceaf5a09e3fd,SN-100032,Lt,0.48308659133133053,2026-03-10,68,3.1610255785319588,2.7908285688539007,3.6179748474542217,4.414194297934175,0,0.827146278600321,None,3.3141444554800747,low,False,0.1513,45
ec2e2ea5-e926-43c5-933f-ceaf5a09e3fd,SN-100032,Lt,0.48308659133133053,2026-04-03,92,3.8125147751306576,4.097981197947807,3.852802105492809,4.325360438138292,0,-0.24517909245499814,None,3.4166492894625327,low,False,0.1721,47
ec2e2ea5-e926-43c5-933f-ceaf5a09e3fd,SN-100032,Lt,0.48308659133133053,2026-04-27,116,3.187465494772826,3.7895415675904447,3.6895302119283104,4.404168128576556,0,-0.10001135566213426,None,3.3504920551335378,low,False,0.1584,46
ec2e2ea5-e926-43c5-933f-ceaf5a09e3fd,SN-100032,Lt,0.48308659133133053,2026-05-21,140,3.472833568195475,3.5867787650712435,3.3634656282581696,4.098275137640722,0,-0.22331313681307385,None,3.07938863683421,low,False,0.1114,40
c2d38ce6-decd-401c-904b-4a41269c82f7,SN-100033,Sgt,0.4275131801271301,2026-01-21,20,3.6316653906717273,3.6133587757997256,3.647369095628371,4.160383517557674,0,0.03401031982864522,None,3.2541680578629064,low,False,0.1401,44
c2d38ce6-decd-401c-904b-4a41269c82f7,SN-100033,Sgt,0.4275131801271301,2026-02-14,44,3.7583684870315035,3.9704719660293697,3.5172056993984486,4.34794416263172,0,-0.45326626663092107,None,3.2388463834586627,low,False,0.1374,43
c2d38ce6-decd-401c-904b-4a41269c82f7,SN-100033,Sgt,0.4275131801271301,2026-03-10,68,3.764785814004443,3.837417245583868,3.358523670727662,4.34794416263172,0,-0.4788935748562064,None,3.15157126768973,low,False,0.1226,42
c2d38ce6-decd-401c-904b-4a41269c82f7,SN-100033,Sgt,0.4275131801271301,2026-04-03,92,3.1218864730477187,3.0261194072220685,3.1803495012084664,3.689043347922232,0,0.15423009398639786,leave(d99-d108),2.8559052300413263,low,False,0.0823,35
c2d38ce6-decd-401c-904b-4a41269c82f7,SN-100033,Sgt,0.4275131801271301,2026-04-27,116,3.35426742139404,2.984360056881431,3.144409607872175,4.144032844805569,0,0.16004955099074403,None,2.972635137771367,low,False,0.0965,38
c2d38ce6-decd-401c-904b-4a41269c82f7,SN-100033,Sgt,0.4275131801271301,2026-05-21,140,3.5740016953872544,3.170942781035746,3.870848735958062,4.429537157933834,0,0.6999059549223161,None,3.4578279521570843,low,False,0.1811,48
37114d96-6a8e-4079-83ba-5f835a6b1f97,SN-100034,Maj,0.3427947624635795,2026-01-21,20,3.9260682807774456,4.158130467901146,5.2557118986798095,6.170240647169798,16,1.0975814307786633,None,5.541713738424835,high,True,0.8344,82
37114d96-6a8e-4079-83ba-5f835a6b1f97,SN-100034,Maj,0.3427947624635795,2026-02-14,44,5.843308539713116,5.846184014059929,5.626008475330968,6.22843460837794,20,-0.22017553872896123,None,5.9628350439454145,high,True,0.9045,85
37114d96-6a8e-4079-83ba-5f835a6b1f97,SN-100034,Maj,0.3427947624635795,2026-03-10,68,6.093312890515735,5.922286824158062,4.40055225639283,5.752159498287291,2,-1.5217345677652325,None,4.245951590502243,moderate,False,0.419,69
37114d96-6a8e-4079-83ba-5f835a6b1f97,SN-100034,Maj,0.3427947624635795,2026-04-03,92,3.605592520413994,3.934421780852825,4.807032802032533,5.881412125670069,6,0.8726110211797082,None,4.708291678818914,high,True,0.5907,77
37114d96-6a8e-4079-83ba-5f835a6b1f97,SN-100034,Maj,0.3427947624635795,2026-04-27,116,4.180759180847006,4.009112835285795,4.623432951196079,5.433512458336198,0,0.6143201159102842,None,4.172941860658703,moderate,False,0.3926,67
37114d96-6a8e-4079-83ba-5f835a6b1f97,SN-100034,Maj,0.3427947624635795,2026-05-21,140,4.459433997308075,4.330736159925892,3.9087763872345693,4.812355088438269,0,-0.4219597726913227,None,3.593533539510494,moderate,False,0.2133,52
583c8707-080d-4ebc-add4-96233cb38141,SN-100035,WO1,0.39111464732036894,2026-01-21,20,3.6707334612542177,3.2383438003502127,3.518708943730958,3.9482074006966292,0,0.28036514338074525,None,3.1197521392610157,low,False,0.1175,41
583c8707-080d-4ebc-add4-96233cb38141,SN-100035,WO1,0.39111464732036894,2026-02-14,44,3.7805269265747743,3.351235336745738,3.183043158433714,4.148734296255015,0,-0.1681921783120237,None,2.9952940260150474,low,False,0.0995,38
583c8707-080d-4ebc-add4-96233cb38141,SN-100035,WO1,0.39111464732036894,2026-03-10,68,3.2673764557140825,3.4480603917609005,3.3090265209069156,3.93342551644428,0,-0.1390338708539849,None,2.9999922414320874,low,False,0.1001,38
583c8707-080d-4ebc-add4-96233cb38141,SN-100035,WO1,0.39111464732036894,2026-04-03,92,3.2416886964179072,3.030311827613992,3.551985079735237,4.269622085290179,0,0.5216732521212446,None,3.2344784194414338,low,False,0.1366,43
583c8707-080d-4ebc-add4-96233cb38141,SN-100035,WO1,0.39111464732036894,2026-04-27,116,4.136302374841682,3.8480769653585805,3.4593668359618515,4.206596581089599,0,-0.388710129396729,None,3.164630734105898,low,False,0.1247,42
583c8707-080d-4ebc-add4-96233cb38141,SN-100035,WO1,0.39111464732036894,2026-05-21,140,3.9726540339019887,3.472195119288756,4.077759319736065,4.637542073737306,0,0.6055642004473087,None,3.6340302479760274,moderate,False,0.2236,53
9def9c51-5724-4940-908e-5bd04ebf949b,SN-100036,Pte,0.6147951679701193,2026-01-21,20,3.7701518212948044,3.706089122002692,3.287952618057113,3.9274757091661767,0,-0.4181365039455791,None,2.986616652681265,low,False,0.0983,38
9def9c51-5724-4940-908e-5bd04ebf949b,SN-100036,Pte,0.6147951679701193,2026-02-14,44,3.0972841511096023,2.9900371114112807,3.353149689835916,3.856876263052432,0,0.3631125784246354,None,3.001295208325484,low,False,0.1003,38
9def9c51-5724-4940-908e-5bd04ebf949b,SN-100036,Pte,0.6147951679701193,2026-03-10,68,3.024998801998931,3.2489116087891508,3.4457012825087547,3.856876263052432,0,0.19678967371960399,None,3.052198584295545,low,False,0.1074,39
9def9c51-5724-4940-908e-5bd04ebf949b,SN-100036,Pte,0.6147951679701193,2026-04-03,92,2.96918100297188,3.265263329238291,2.9489432145668406,3.527691066399258,0,-0.31632011467145027,None,2.6802260879315396,low,False,0.0644,31
9def9c51-5724-4940-908e-5bd04ebf949b,SN-100036,Pte,0.6147951679701193,2026-04-27,116,2.7135337948183635,2.6270160085187895,3.1486439888189293,3.9264497504741245,0,0.5216279803001398,None,2.909689118992649,low,False,0.0886,36
9def9c51-5724-4940-908e-5bd04ebf949b,SN-100036,Pte,0.6147951679701193,2026-05-21,140,2.791659380120771,3.0333987604188883,3.4863402389725295,4.603812473212928,0,0.4529414785536412,None,3.2986308733987695,low,False,0.1483,45
50ad3a7e-77d5-475d-a39c-8cf1f19fe238,SN-100037,Cpl,0.7486098222542464,2026-01-21,20,1.9446977174001574,2.1730135175610625,1.9345311406708967,2.9694282973304054,0,-0.23848237689016583,None,1.9548206165681148,low,False,0.0227,15
50ad3a7e-77d5-475d-a39c-8cf1f19fe238,SN-100037,Cpl,0.7486098222542464,2026-02-14,44,2.3889359591300443,2.1538200778897343,2.7733399455786247,3.702006085299719,0,0.6195198676888904,None,2.6359387956581593,low,False,0.0606,30
50ad3a7e-77d5-475d-a39c-8cf1f19fe238,SN-100037,Cpl,0.7486098222542464,2026-03-10,68,2.7341318083431143,2.501811554784066,3.1172974428238147,3.702006085299719,0,0.6154858880397489,None,2.825115419143014,low,False,0.0789,34
50ad3a7e-77d5-475d-a39c-8cf1f19fe238,SN-100037,Cpl,0.7486098222542464,2026-04-03,92,2.8521222273391933,2.9628993537100183,2.505356223812466,3.027522070231511,0,-0.4575431298975525,None,2.2862025441663096,low,False,0.0367,23
50ad3a7e-77d5-475d-a39c-8cf1f19fe238,SN-100037,Cpl,0.7486098222542464,2026-04-27,116,2.207851675866889,2.243289921739847,2.3873785100831175,2.9663606842333987,0,0.14408858834327054,None,2.202966385815734,low,False,0.0326,21
50ad3a7e-77d5-475d-a39c-8cf1f19fe238,SN-100037,Cpl,0.7486098222542464,2026-05-21,140,2.075312501955439,2.2788661686761698,2.336591983880045,3.078761761785162,0,0.0577258152038751,None,2.2087541196695732,low,False,0.0328,21
582c61c1-a550-46c0-a39e-3748f731ca8b,SN-100038,WO2,0.5756357487823371,2026-01-21,20,2.949903344582751,3.2077569016520147,2.992377326456918,3.6321440033837047,0,-0.21537957519509687,None,2.7354507305664164,low,False,0.0696,32
582c61c1-a550-46c0-a39e-3748f731ca8b,SN-100038,WO2,0.5756357487823371,2026-02-14,44,2.26778893907779,2.7308632854896167,2.906883814483422,4.004305267794243,0,0.1760205289938055,leave(d70-d77),2.800077678304155,low,False,0.0762,34
582c61c1-a550-46c0-a39e-3748f731ca8b,SN-100038,WO2,0.5756357487823371,2026-03-10,68,3.705463050766982,3.6830795540424037,2.7188555482715655,3.9180399115145716,0,-0.9642240057708382,leave(d70-d77),2.670782525003733,low,False,0.0636,31
582c61c1-a550-46c0-a39e-3748f731ca8b,SN-100038,WO2,0.5756357487823371,2026-04-03,92,3.2967289383719156,2.9690971339902767,3.4867882803371617,3.9612237738995626,0,0.517691146346885,None,3.106100686355308,low,False,0.1154,41
582c61c1-a550-46c0-a39e-3748f731ca8b,SN-100038,WO2,0.5756357487823371,2026-04-27,116,3.58336281558332,3.3478649833810894,3.0889285291437707,3.9612237738995626,0,-0.2589364542373187,None,2.887277823198943,low,False,0.0859,36
582c61c1-a550-46c0-a39e-3748f731ca8b,SN-100038,WO2,0.5756357487823371,2026-05-21,140,3.02834518809827,2.7441157028253214,3.312020983544826,4.584182032700984,0,0.5679052807195046,None,3.19686615075995,low,False,0.1301,43
754950f4-200c-43e6-b69c-a76ef85e588a,SN-100039,Pte,0.6930671939815503,2026-01-21,20,2.2231737191850183,2.204387809952444,2.15259972854605,2.9442835292481857,0,-0.05178808140639379,None,2.0672149094747834,low,False,0.0267,18
754950f4-200c-43e6-b69c-a76ef85e588a,SN-100039,Pte,0.6930671939815503,2026-02-14,44,2.281952572847913,2.0856231461970127,2.567952383337876,3.942120174637192,0,0.4823292371408634,"deployment(d70-d117), transfer(d64-d78)",2.5950098632269896,low,False,0.0572,29
754950f4-200c-43e6-b69c-a76ef85e588a,SN-100039,Pte,0.6930671939815503,2026-03-10,68,3.3181114606561883,3.0600831811574962,3.9277726500948833,4.786809429785439,0,0.8676894689373871,"deployment(d70-d117), transfer(d64-d78)",3.5963177864878175,moderate,False,0.214,53
754950f4-200c-43e6-b69c-a76ef85e588a,SN-100039,Pte,0.6930671939815503,2026-04-03,92,3.763335828769361,3.8441615270031635,3.378590319182359,3.9810077576792535,0,-0.4655712078208043,deployment(d70-d117),3.052527002854074,low,False,0.1075,39
754950f4-200c-43e6-b69c-a76ef85e588a,SN-100039,Pte,0.6930671939815503,2026-04-27,116,2.6568281161284815,2.897493494656127,2.130233253005065,3.0217713221067215,0,-0.7672602416510621,deployment(d70-d117),2.078159685784802,low,False,0.0272,18
754950f4-200c-43e6-b69c-a76ef85e588a,SN-100039,Pte,0.6930671939815503,2026-05-21,140,1.4728633268834619,1.7180204393642546,2.549247368311289,3.684138390757885,0,0.8312269289470342,None,2.5073275697985746,low,False,0.0505,27
a9066d21-1ede-4e9d-818f-767aab15154e,SN-100040,Cpl,0.4934221425729785,2026-01-21,20,4.257452957969951,3.7763416339180447,3.6657353310744387,4.0433329550963375,0,-0.11060630284360595,None,3.229154318619843,low,False,0.1356,43
a9066d21-1ede-4e9d-818f-767aab15154e,SN-100040,Cpl,0.4934221425729785,2026-02-14,44,3.566123454935973,3.4792296045304956,3.665672858788707,4.20625555625097,0,0.1864432542582115,None,3.27799673920908,low,False,0.1445,44
a9066d21-1ede-4e9d-818f-767aab15154e,SN-100040,Cpl,0.4934221425729785,2026-03-10,68,3.6644373014876255,3.641815468450315,3.2518558357197964,4.006552726988782,0,-0.38995963273051837,None,2.9904865277425228,low,False,0.0989,38
a9066d21-1ede-4e9d-818f-767aab15154e,SN-100040,Cpl,0.4934221425729785,2026-04-03,92,2.8171874123562555,2.807546782375113,2.8113668088589834,3.4576375491902707,0,0.0038200264838703646,leave(d103-d114),2.5835430096295218,low,False,0.0562,29
a9066d21-1ede-4e9d-818f-767aab15154e,SN-100040,Cpl,0.4934221425729785,2026-04-27,116,2.58659393076502,2.922760041218819,2.90727978927419,3.6248041909684114,0,-0.015480251944628876,None,2.686445141391328,low,False,0.065,31
a9066d21-1ede-4e9d-818f-767aab15154e,SN-100040,Cpl,0.4934221425729785,2026-05-21,140,2.92112757982591,3.397499236283191,3.3119563687849785,3.88069900366452,0,-0.0855428674982126,None,2.985785703931094,low,False,0.0982,38
cec5b899-50e8-482b-9bc0-1b6978d052ba,SN-100041,Capt,0.6560644714820794,2026-01-21,20,3.0979984709068447,3.077730685398536,3.154954905584232,3.537449387068184,0,0.07722422018569608,None,2.7964600141917826,low,False,0.0758,34
cec5b899-50e8-482b-9bc0-1b6978d052ba,SN-100041,Capt,0.6560644714820794,2026-02-14,44,2.821607445205219,2.9477016480900775,2.955627007654065,3.50696413825213,0,0.007925359563987655,None,2.6776840956853754,low,False,0.0642,31
cec5b899-50e8-482b-9bc0-1b6978d052ba,SN-100041,Capt,0.6560644714820794,2026-03-10,68,2.992867957983419,2.7147971463611964,3.473691322604346,4.15567646381013,0,0.7588941762431496,None,3.1572331665754296,low,False,0.1235,42
cec5b899-50e8-482b-9bc0-1b6978d052ba,SN-100041,Capt,0.6560644714820794,2026-04-03,92,3.12934786791438,3.294658053318556,3.1367307062910603,3.9160928912316098,0,-0.15792734702749556,None,2.900029755829566,low,False,0.0874,36
cec5b899-50e8-482b-9bc0-1b6978d052ba,SN-100041,Capt,0.6560644714820794,2026-04-27,116,2.8323958972695675,2.7209661179705273,2.9639002194336657,3.5251007444445484,0,0.24293410146313832,None,2.687675344021881,low,False,0.0651,31
cec5b899-50e8-482b-9bc0-1b6978d052ba,SN-100041,Capt,0.6560644714820794,2026-05-21,140,2.681288026067604,2.695880738321178,2.9193322116746896,3.506402506607112,0,0.2234514733535118,None,2.6575534684032127,low,False,0.0624,31
5548b8d1-8c9b-4975-a73e-67ca5a438273,SN-100042,LCpl,0.4956808847537872,2026-01-21,20,2.9996083217052805,2.9450452771744327,3.6226804569899382,4.259324956458552,0,0.6776351798155056,None,3.2702717382820317,low,False,0.143,44
5548b8d1-8c9b-4975-a73e-67ca5a438273,SN-100042,LCpl,0.4956808847537872,2026-02-14,44,3.432162661618024,3.5775745428698618,2.951466796524321,4.152348513568534,0,-0.6261077463455407,leave(d59-d69),2.869011292158937,low,False,0.0838,35
5548b8d1-8c9b-4975-a73e-67ca5a438273,SN-100042,LCpl,0.4956808847537872,2026-03-10,68,1.5271062225535366,2.0759357895381667,3.0869651520657775,3.8860545454700457,0,1.0110293625276108,leave(d59-d69),2.8636471972771913,low,False,0.0832,35
5548b8d1-8c9b-4975-a73e-67ca5a438273,SN-100042,LCpl,0.4956808847537872,2026-04-03,92,3.0557081230377174,3.5437232656178432,3.4591094725992138,4.240990232104999,0,-0.08461379301862948,None,3.174807279561067,low,False,0.1264,42
5548b8d1-8c9b-4975-a73e-67ca5a438273,SN-100042,LCpl,0.4956808847537872,2026-04-27,116,3.767161320613944,3.771934149958527,4.20558694905688,5.164812130114976,0,0.43365279909835275,None,3.862516461015777,moderate,False,0.2887,59
5548b8d1-8c9b-4975-a73e-67ca5a438273,SN-100042,LCpl,0.4956808847537872,2026-05-21,140,3.8907817344209867,4.308601112843422,3.991035345674932,5.166359668558227,0,-0.31756576716849017,None,3.7449773406886804,moderate,False,0.2539,56
9b228d61-ea32-4106-bac9-be510a3d9a6d,SN-100043,Lt,0.16779696768928218,2026-01-21,20,4.356254435115796,4.790509502951941,4.07676166381921,5.376870590609977,0,-0.713747839132731,leave(d37-d47),3.855280092283558,moderate,False,0.2864,59
9b228d61-ea32-4106-bac9-be510a3d9a6d,SN-100043,Lt,0.16779696768928218,2026-02-14,44,3.656094638498501,3.6208783665357367,3.9195084790018395,4.687705987910342,0,0.2986301124661028,leave(d37-d47),3.5620414598241146,moderate,False,0.2054,52
9b228d61-ea32-4106-bac9-be510a3d9a6d,SN-100043,Lt,0.16779696768928218,2026-03-10,68,3.675837960217779,3.733505185048931,4.731861932299615,5.735186814410738,9,0.9983567472506838,deployment(d76-d123),4.77308010708801,high,True,0.614,77
9b228d61-ea32-4106-bac9-be510a3d9a6d,SN-100043,Lt,0.16779696768928218,2026-04-03,92,5.5424914026829715,5.392381905737692,5.829963738435556,6.168365100187316,29,0.4375818326978633,deployment(d76-d123),6.5069895861957505,high,True,0.9554,89
9b228d61-ea32-4106-bac9-be510a3d9a6d,SN-100043,Lt,0.16779696768928218,2026-04-27,116,6.0228985002966375,5.932912471237499,5.93271895680832,6.692915355318899,29,-0.00019351442917869832,deployment(d76-d123),6.720870032840246,critical,True,0.9673,94
9b228d61-ea32-4106-bac9-be510a3d9a6d,SN-100043,Lt,0.16779696768928218,2026-05-21,140,6.127205802688933,6.286457629836782,5.41653282169006,6.157800245956785,16,-0.8699248081467221,None,5.626433125716568,high,True,0.8512,83
2460ccdc-01e1-4aa2-8acd-871316b40cc8,SN-100044,SSgt,0.6150879876533879,2026-01-21,20,2.5072828075068307,2.6359412791647308,2.8839526056005544,3.4263088421064483,0,0.2480113264358237,None,2.61406658571224,low,False,0.0587,30
2460ccdc-01e1-4aa2-8acd-871316b40cc8,SN-100044,SSgt,0.6150879876533879,2026-02-14,44,2.963965846575323,3.0928480966261453,2.8644197837586494,3.9383958518395907,0,-0.228428312867496,leave(d58-d72),2.7569496366191344,low,False,0.0717,33
2460ccdc-01e1-4aa2-8acd-871316b40cc8,SN-100044,SSgt,0.6150879876533879,2026-03-10,68,2.236089767370334,2.2646055227927393,3.139918164031898,4.150842216045133,0,0.8753126412391588,leave(d58-d72),2.9722076550310836,low,False,0.0964,38
2460ccdc-01e1-4aa2-8acd-871316b40cc8,SN-100044,SSgt,0.6150879876533879,2026-04-03,92,3.6013665245440487,3.478528205813,4.093489417763686,4.589008398207925,0,0.614961211950686,deployment(d117-d174),3.628121699232405,moderate,False,0.2221,53
2460ccdc-01e1-4aa2-8acd-871316b40cc8,SN-100044,SSgt,0.6150879876533879,2026-04-27,116,4.589008398207925,4.353790612411302,4.078368782580521,4.5881876544601505,0,-0.27542182983078156,deployment(d117-d174),3.6195591267573315,moderate,False,0.2199,53
2460ccdc-01e1-4aa2-8acd-871316b40cc8,SN-100044,SSgt,0.6150879876533879,2026-05-21,140,4.215799479902856,3.9417293957143977,4.124303217304543,4.859858810047349,0,0.1825738215901449,deployment(d117-d174),3.726324412531703,moderate,False,0.2486,56
7e227968-186d-484d-94a2-8765d2a85413,SN-100045,LCpl,0.8876833399111789,2026-01-21,20,2.9722153559678115,2.7274713611789,2.7358317587651735,3.4033887821268016,0,0.008360397586273383,transfer(d22-d36),2.525724101958886,low,False,0.0518,28
7e227968-186d-484d-94a2-8765d2a85413,SN-100045,LCpl,0.8876833399111789,2026-02-14,44,2.019469287238088,2.4115617867634396,2.103581062170834,2.489707713332832,0,-0.3079807245926056,None,1.9038818981938084,low,False,0.021,14
7e227968-186d-484d-94a2-8765d2a85413,SN-100045,LCpl,0.8876833399111789,2026-03-10,68,2.1595502117602403,1.9815447910789286,2.191691051926612,2.558133457488277,0,0.2101462608476834,None,1.9728701158061197,low,False,0.0233,16
7e227968-186d-484d-94a2-8765d2a85413,SN-100045,LCpl,0.8876833399111789,2026-04-03,92,2.242501384415414,1.9418570903414811,2.308154506021237,2.704100936800458,0,0.3662974156797558,None,2.080715259351818,low,False,0.0273,18
7e227968-186d-484d-94a2-8765d2a85413,SN-100045,LCpl,0.8876833399111789,2026-04-27,116,2.214003827277474,2.386353718287731,2.1242475494842887,2.5801490176673427,0,-0.26210616880344206,None,1.9423808575165618,low,False,0.0223,15
7e227968-186d-484d-94a2-8765d2a85413,SN-100045,LCpl,0.8876833399111789,2026-05-21,140,1.9970259324105548,2.027621818105497,1.6976589693664004,2.5801490176673427,0,-0.32996284873909665,leave(d154-d167),1.707757138451723,low,False,0.0158,10
53f8304f-b7d7-4841-aece-c70fbc0177aa,SN-100046,Cpl,0.5354293884121097,2026-01-21,20,3.4461580330286603,3.750637300062658,3.233376965098552,3.9640418029931137,0,-0.5172603349641061,None,2.967569871702138,low,False,0.0958,37
53f8304f-b7d7-4841-aece-c70fbc0177aa,SN-100046,Cpl,0.5354293884121097,2026-02-14,44,3.9640418029931137,3.701091872651897,3.1944710914857692,4.155867024536835,0,-0.5066207811661276,None,3.0037192076782238,low,False,0.1006,38
53f8304f-b7d7-4841-aece-c70fbc0177aa,SN-100046,Cpl,0.5354293884121097,2026-03-10,68,2.743114508864825,2.9493896483714463,4.195463975183632,4.905757160863432,0,1.2460743268121854,None,3.779232334610027,moderate,False,0.2637,57
53f8304f-b7d7-4841-aece-c70fbc0177aa,SN-100046,Cpl,0.5354293884121097,2026-04-03,92,4.905757160863432,4.462731225005754,3.1897167628761234,4.664081433924824,0,-1.2730144621296309,None,3.153568649759315,low,False,0.1229,42
53f8304f-b7d7-4841-aece-c70fbc0177aa,SN-100046,Cpl,0.5354293884121097,2026-04-27,116,2.29776160823417,2.702536779082237,2.993417629507465,3.6010765651507803,0,0.2908808504252276,leave(d142-d153),2.72670266577434,low,False,0.0688,32
53f8304f-b7d7-4841-aece-c70fbc0177aa,SN-100046,Cpl,0.5354293884121097,2026-05-21,140,3.321908954499386,3.1757571823666715,2.9516395458313713,3.5209205727178787,0,-0.22411763653530015,leave(d142-d153),2.679677922022618,low,False,0.0644,31
d8e955f7-f17e-4430-be38-1b5d2444049d,SN-100047,Cpl,0.15897545859478276,2026-01-21,20,4.946245942926113,4.896530511661204,4.879023273490743,5.532088466905051,1,-0.017507238170461292,None,4.393089340491424,moderate,False,0.4735,72
d8e955f7-f17e-4430-be38-1b5d2444049d,SN-100047,Cpl,0.15897545859478276,2026-02-14,44,4.715477421600406,4.995532507231824,4.127107384322415,4.870311865102286,0,-0.8684251229094091,None,3.7310026209080145,moderate,False,0.2499,56
d8e955f7-f17e-4430-be38-1b5d2444049d,SN-100047,Cpl,0.15897545859478276,2026-03-10,68,3.3981257868074506,3.890444664460083,3.253844919571755,4.1908013633497,0,-0.6365997448883278,None,3.0468551147693756,low,False,0.1067,39
d8e955f7-f17e-4430-be38-1b5d2444049d,SN-100047,Cpl,0.15897545859478276,2026-04-03,92,4.1908013633497,3.3743446629837837,4.47783315386988,6.789883220345432,6,1.1034884908860962,None,4.799773200732064,high,True,0.6234,77
d8e955f7-f17e-4430-be38-1b5d2444049d,SN-100047,Cpl,0.15897545859478276,2026-04-27,116,4.93190456989043,4.797401579781417,6.2304944650623115,6.977440161912012,30,1.4330928852808942,None,7.020004004357876,critical,True,0.9788,100
d8e955f7-f17e-4430-be38-1b5d2444049d,SN-100047,Cpl,0.15897545859478276,2026-05-21,140,6.035583116323486,6.283508576650272,6.038343276772277,7.3582979520125535,22,-0.2451652998779945,None,6.628578187828518,critical,True,0.9626,92
74e5f63c-8679-443e-9713-4a1992d2f3b3,SN-100048,Cpl,0.48356183222582344,2026-01-21,20,2.315970866962382,2.2723264198213364,2.8342147863913896,3.268084187954983,0,0.5618883665700531,None,2.539243388901759,low,False,0.0528,28
74e5f63c-8679-443e-9713-4a1992d2f3b3,SN-100048,Cpl,0.48356183222582344,2026-02-14,44,3.0732155953835414,2.97901398473982,3.900678875884697,4.495506690201351,0,0.9216648911448768,None,3.494025388796989,moderate,False,0.1893,50
74e5f63c-8679-443e-9713-4a1992d2f3b3,SN-100048,Cpl,0.48356183222582344,2026-03-10,68,4.371843111688357,4.108780587430776,3.524766220152366,4.495506690201351,0,-0.5840143672784102,None,3.287273428144207,low,False,0.1462,44
74e5f63c-8679-443e-9713-4a1992d2f3b3,SN-100048,Cpl,0.48356183222582344,2026-04-03,92,3.3472866349920674,2.6924658711650076,2.996936275516058,3.449832090094239,0,0.3044704043510502,None,2.6832645785621034,low,False,0.0647,31
74e5f63c-8679-443e-9713-4a1992d2f3b3,SN-100048,Cpl,0.48356183222582344,2026-04-27,116,3.3056331955040643,3.281354411949068,3.131070119569302,4.49702469362865,0,-0.15028429237976626,None,3.071195973851711,low,False,0.1102,40
74e5f63c-8679-443e-9713-4a1992d2f3b3,SN-100048,Cpl,0.48356183222582344,2026-05-21,140,3.028721130265344,3.116640931412206,3.464857163113893,4.49702469362865,0,0.34821623170168703,None,3.2547788478012363,low,False,0.1402,44
0543fadc-336f-4c28-b224-a1da7c2fd40e,SN-100049,LCpl,0.41441049345464454,2026-01-21,20,3.1841770091008037,3.018242808794571,2.9711383849268294,3.6153806275244924,0,-0.04710442386774183,None,2.718740299967104,low,False,0.068,32
0543fadc-336f-4c28-b224-a1da7c2fd40e,SN-100049,LCpl,0.41441049345464454,2026-02-14,44,2.9196072463538574,2.9067683712710704,3.0893096763242807,3.635955838077576,0,0.1825413050532103,None,2.7899070734016274,low,False,0.0751,34
0543fadc-336f-4c28-b224-a1da7c2fd40e,SN-100049,LCpl,0.41441049345464454,2026-03-10,68,2.943194760161045,3.0491606733030374,4.012808799017197,4.604320335441063,0,0.9636481257141596,None,3.5883409400917774,moderate,False,0.212,52
0543fadc-336f-4c28-b224-a1da7c2fd40e,SN-100049,LCpl,0.41441049345464454,2026-04-03,92,4.085111392490935,4.297302508205262,3.5806567846490145,4.604320335441063,0,-0.7166457235562476,None,3.350657332189277,low,False,0.1585,46
0543fadc-336f-4c28-b224-a1da7c2fd40e,SN-100049,LCpl,0.41441049345464454,2026-04-27,116,3.197308667696033,3.0221311106552093,2.9893807145502764,3.600108425635327,0,-0.03275039610493291,None,2.72419192069325,low,False,0.0685,32
0543fadc-336f-4c28-b224-a1da7c2fd40e,SN-100049,LCpl,0.41441049345464454,2026-05-21,140,2.9007193513404297,2.7060390674377324,3.4896340413176583,4.511650721869556,0,0.7835949738799259,None,3.272793939285579,low,False,0.1435,44
96e072f1-5708-4734-9f12-628a9b394fc3,SN-100050,WO2,0.4930592805116358,2026-01-21,20,3.6535526657822466,3.5373526976871044,3.153905536157756,3.669226872595591,0,-0.38344716152934843,None,2.835416106665443,low,False,0.08,35
96e072f1-5708-4734-9f12-628a9b394fc3,SN-100050,WO2,0.4930592805116358,2026-02-14,44,3.0692937654669534,2.739152664059356,3.3140611675413836,4.003706217875987,0,0.5749085034820274,None,3.023845507510557,low,False,0.1034,39
96e072f1-5708-4734-9f12-628a9b394fc3,SN-100050,WO2,0.4930592805116358,2026-03-10,68,2.994459960002135,3.3462476821919696,3.160125375986178,3.761194317238183,0,-0.1861223062057915,None,2.866427251963853,low,False,0.0835,35
96e072f1-5708-4734-9f12-628a9b394fc3,SN-100050,WO2,0.4930592805116358,2026-04-03,92,3.3072508618586594,3.383444821346159,3.4673723046729394,3.881660480795154,0,0.08392748332678046,leave(d112-d122),3.071552911808663,low,False,0.1102,40
96e072f1-5708-4734-9f12-628a9b394fc3,SN-100050,WO2,0.4930592805116358,2026-04-27,116,3.5954870112219326,3.6444196310558588,3.603599100434529,4.169854312044179,0,-0.04082053062132962,leave(d112-d122),3.232935798852245,low,False,0.1363,43
96e072f1-5708-4734-9f12-628a9b394fc3,SN-100050,WO2,0.4930592805116358,2026-05-21,140,4.0533417310945055,3.771855292919414,3.6665496200398513,4.4869780577275,0,-0.10530567287956272,None,3.3626957083401683,low,False,0.1609,46
